Genre,programCode,programName,textColor,backgroundColor2
AWARDS,BB1,BB1 BRIT 2024,"color: rgb(0, 0, 0)"," background-color: rgb(255, 255, 102)"
AWARDS,BB1,BB1 GRMY 65,"color: rgb(0, 0, 0)"," background-color: rgb(255, 255, 102)"
AWARDS,BB1,BB1 GRMY 67,"color: rgb(0, 0, 0)"," background-color: rgb(255, 255, 102)"
AWARDS,BB2,BB2 BRIT 2023,"color: rgb(0, 0, 0)"," background-color: rgb(255, 153, 51)"
AWARDS,BB2,BB2 BRIT 2025,"color: rgb(0, 0, 0)"," background-color: rgb(255, 153, 51)"
AWARDS,BB2,BB2 GRMY 66,"color: rgb(0, 0, 0)"," background-color: rgb(255, 153, 51)"
AWARDS,BB2,BB2 HIT 19,"color: rgb(0, 0, 0)"," background-color: rgb(255, 153, 51)"
AWARDS,BB2,BB2 HIT 20,"color: rgb(0, 0, 0)"," background-color: rgb(255, 153, 51)"
AWARDS,BB2,BB2 HIT 21,"color: rgb(0, 0, 0)"," background-color: rgb(255, 153, 51)"
AWARDS,BB2,BB2 HIT 22,"color: rgb(0, 0, 0)"," background-color: rgb(255, 153, 51)"
GREATEST HITS,BB1,BB1 HIT 1,"color: rgb(0, 0, 0)"," background-color: rgb(255, 255, 102)"
GREATEST HITS,BB1,BB1 HIT 2,"color: rgb(0, 0, 0)"," background-color: rgb(255, 255, 102)"
GREATEST HITS,BB1,BB1 HIT 3,"color: rgb(0, 0, 0)"," background-color: rgb(255, 255, 102)"
GREATEST HITS,BB1,BB1 HIT 4,"color: rgb(0, 0, 0)"," background-color: rgb(255, 255, 102)"
GREATEST HITS,BB1,BB1 HIT 5,"color: rgb(0, 0, 0)"," background-color: rgb(255, 255, 102)"
GREATEST HITS,BB1,BB1 HIT 6,"color: rgb(0, 0, 0)"," background-color: rgb(255, 255, 102)"
GREATEST HITS,BB1,BB1 HIT 7,"color: rgb(0, 0, 0)"," background-color: rgb(255, 255, 102)"
GREATEST HITS,BB1,BB1 HIT 8,"color: rgb(0, 0, 0)"," background-color: rgb(255, 255, 102)"
GREATEST HITS,BB1,BB1 HIT 9,"color: rgb(0, 0, 0)"," background-color: rgb(255, 255, 102)"
GREATEST HITS,BB1,BB1 HIT 10,"color: rgb(0, 0, 0)"," background-color: rgb(255, 255, 102)"
GREATEST HITS,BB1,BB1 HIT 11,"color: rgb(0, 0, 0)"," background-color: rgb(255, 255, 102)"
GREATEST HITS,BB2,BB2 HIT 1,"color: rgb(0, 0, 0)"," background-color: rgb(255, 153, 51)"
GREATEST HITS,BB2,BB2 HIT 2,"color: rgb(0, 0, 0)"," background-color: rgb(255, 153, 51)"
GREATEST HITS,BB2,BB2 HIT 3,"color: rgb(0, 0, 0)"," background-color: rgb(255, 153, 51)"
GREATEST HITS,BB2,BB2 HIT 4,"color: rgb(0, 0, 0)"," background-color: rgb(255, 153, 51)"
GREATEST HITS,BB2,BB2 HIT 5,"color: rgb(0, 0, 0)"," background-color: rgb(255, 153, 51)"
GREATEST HITS,BB2,BB2 HIT 6,"color: rgb(0, 0, 0)"," background-color: rgb(255, 153, 51)"
GREATEST HITS,BB2,BB2 HIT 7,"color: rgb(0, 0, 0)"," background-color: rgb(255, 153, 51)"
GREATEST HITS,BB2,BB2 HIT 8,"color: rgb(0, 0, 0)"," background-color: rgb(255, 153, 51)"
GREATEST HITS,BB2,BB2 HIT 9,"color: rgb(0, 0, 0)"," background-color: rgb(255, 153, 51)"
GREATEST HITS,BB2,BB2 HIT 10,"color: rgb(0, 0, 0)"," background-color: rgb(255, 153, 51)"
GREATEST HITS,BB2,BB2 HIT 11,"color: rgb(0, 0, 0)"," background-color: rgb(255, 153, 51)"
GREATEST HITS,BB2,BB2 HIT 12,"color: rgb(0, 0, 0)"," background-color: rgb(255, 153, 51)"
GREATEST HITS,BB2,BB2 HIT 13,"color: rgb(0, 0, 0)"," background-color: rgb(255, 153, 51)"
GREATEST HITS,BB2,BB2 HIT 14,"color: rgb(0, 0, 0)"," background-color: rgb(255, 153, 51)"
GREATEST HITS,BB2,BB2 HIT 15,"color: rgb(0, 0, 0)"," background-color: rgb(255, 153, 51)"
GREATEST HITS,BB2,BB2 HIT 16,"color: rgb(0, 0, 0)"," background-color: rgb(255, 153, 51)"
GREATEST HITS,BB2,BB2 HIT 17,"color: rgb(0, 0, 0)"," background-color: rgb(255, 153, 51)"
GREATEST HITS,BB2,BB2 HIT 18,"color: rgb(0, 0, 0)"," background-color: rgb(255, 153, 51)"
GREATEST HITS,BB3,BB3 HIT 1,"color: rgb(0, 0, 0)"," background-color: rgb(255, 51, 0)"
GREATEST HITS,BB3,BB3 HIT 2,"color: rgb(0, 0, 0)"," background-color: rgb(255, 51, 0)"
GREATEST HITS,BB3,BB3 HIT 3,"color: rgb(0, 0, 0)"," background-color: rgb(255, 51, 0)"
GREATEST HITS,BB3,BB3 HIT 4,"color: rgb(0, 0, 0)"," background-color: rgb(255, 51, 0)"
GREATEST HITS,BB3,BB3 HIT 5,"color: rgb(0, 0, 0)"," background-color: rgb(255, 51, 0)"
GREATEST HITS,BB3,BB3 HIT 6,"color: rgb(0, 0, 0)"," background-color: rgb(255, 51, 0)"
GREATEST HITS,BSW,BSW HIT 1,"color: rgb(255, 255, 255)"," background-color: rgb(204, 102, 255)"
GREATEST HITS,BSW,BSW HIT 2,"color: rgb(255, 255, 255)"," background-color: rgb(204, 102, 255)"
GREATEST HITS,BSW,BSW HIT 3,"color: rgb(255, 255, 255)"," background-color: rgb(204, 102, 255)"
GREATEST HITS,BSW,BSW HIT 4,"color: rgb(255, 255, 255)"," background-color: rgb(204, 102, 255)"
GREATEST HITS,BSW,BSW HIT 5,"color: rgb(255, 255, 255)"," background-color: rgb(204, 102, 255)"
GREATEST HITS,BSW,BSW HIT 6,"color: rgb(255, 255, 255)"," background-color: rgb(204, 102, 255)"
GREATEST HITS,BSW,BSW HIT 7,"color: rgb(255, 255, 255)"," background-color: rgb(204, 102, 255)"
GREATEST HITS,BSW,BSW HIT 8,"color: rgb(255, 255, 255)"," background-color: rgb(204, 102, 255)"
GREATEST HITS,BSL,BSL HIT 1,"color: rgb(255, 255, 255)"," background-color: rgb(0, 0, 204)"
GREATEST HITS,BSL,BSL HIT 2,"color: rgb(255, 255, 255)"," background-color: rgb(0, 0, 204)"
GREATEST HITS,BSL,BSL HIT 3,"color: rgb(255, 255, 255)"," background-color: rgb(0, 0, 204)"
GREATEST HITS,BSL,BSL HIT 4,"color: rgb(255, 255, 255)"," background-color: rgb(0, 0, 204)"
GREATEST HITS,BSL,BSL HIT 5,"color: rgb(255, 255, 255)"," background-color: rgb(0, 0, 204)"
GREATEST HITS,BSL,BSL HIT 6,"color: rgb(255, 255, 255)"," background-color: rgb(0, 0, 204)"
GREATEST HITS,BSL,BSL HIT 7,"color: rgb(255, 255, 255)"," background-color: rgb(0, 0, 204)"
GREATEST HITS,BSL,BSL HIT 8,"color: rgb(255, 255, 255)"," background-color: rgb(0, 0, 204)"
GREATEST HITS,BSB,BSB HIT 1,"color: rgb(0, 0, 0)"," background-color: rgb(0, 204, 255)"
GREATEST HITS,BSB,BSB HIT 2,"color: rgb(0, 0, 0)"," background-color: rgb(0, 204, 255)"
GREATEST HITS,BSB,BSB HIT 3,"color: rgb(0, 0, 0)"," background-color: rgb(0, 204, 255)"
GREATEST HITS,BSB,BSB HIT 4,"color: rgb(0, 0, 0)"," background-color: rgb(0, 204, 255)"
GREATEST HITS,BSB,BSB HIT 5,"color: rgb(0, 0, 0)"," background-color: rgb(0, 204, 255)"
GREATEST HITS,BSB,BSB HIT 6,"color: rgb(0, 0, 0)"," background-color: rgb(0, 204, 255)"
GREATEST HITS,BSB,BSB HIT 7,"color: rgb(0, 0, 0)"," background-color: rgb(0, 204, 255)"
GREATEST HITS,FEEL NOW,FEEL NOW B1,"color: rgb(255, 255, 255)"," background-color: rgb(0, 18, 28)"
GREATEST HITS,FEEL NOW,FEEL NOW B2,"color: rgb(255, 255, 255)"," background-color: rgb(0, 18, 28)"
GREATEST HITS,FEEL NOW,FEEL NOW B3,"color: rgb(255, 255, 255)"," background-color: rgb(0, 18, 28)"
GREATEST HITS,FEEL NOW,FEEL NOW B4,"color: rgb(255, 255, 255)"," background-color: rgb(0, 18, 28)"
GREATEST HITS,FEEL NOW,FEEL NOW G1,"color: rgb(255, 255, 255)"," background-color: rgb(213, 204, 127)"
GREATEST HITS,FEEL NOW,FEEL NOW G2,"color: rgb(255, 255, 255)"," background-color: rgb(213, 204, 127)"
GREATEST HITS,FEEL NOW,FEEL NOW G3,"color: rgb(255, 255, 255)"," background-color: rgb(213, 204, 127)"
GREATEST HITS,FEEL NOW,FEEL NOW S1,"color: rgb(255, 255, 255)"," background-color: rgb(192, 192, 192)"
GREATEST HITS,FEEL NOW,FEEL NOW S2,"color: rgb(255, 255, 255)"," background-color: rgb(192, 192, 192)"
GREATEST HITS,FEEL NOW,FEEL NOW S3,"color: rgb(255, 255, 255)"," background-color: rgb(192, 192, 192)"
HIP HOP,BB2,BB2 HIPHOP 1,"color: rgb(0, 0, 0)"," background-color: rgb(255, 153, 51)"
HIP HOP,BB2,BB2 HIPHOP 2,"color: rgb(0, 0, 0)"," background-color: rgb(255, 153, 51)"
HIP HOP,BB3,BB3 HIPHOP 1,"color: rgb(0, 0, 0)"," background-color: rgb(255, 51, 0)"
HIP HOP,BB3,BB3 HIPHOP 2,"color: rgb(0, 0, 0)"," background-color: rgb(255, 51, 0)"
HIP HOP,BSWi,BSWi HIPHOP 1,"color: rgb(255, 255, 102)"," background-color: rgb(153, 0, 153)"
HIP HOP,BSB,BSB HIPHOP 1,"color: rgb(0, 0, 0)"," background-color: rgb(0, 204, 255)"
HIP HOP,BSB,BSB HIPHOP 2,"color: rgb(0, 0, 0)"," background-color: rgb(0, 204, 255)"
HOUSE,BB1,BB1 HOUSE 1,"color: rgb(0, 0, 0)"," background-color: rgb(255, 255, 102)"
HOUSE,BB1,BB1 HOUSE 2,"color: rgb(0, 0, 0)"," background-color: rgb(255, 255, 102)"
HOUSE,BB1,BB1 HOUSE 3,"color: rgb(0, 0, 0)"," background-color: rgb(255, 255, 102)"
HOUSE,BB1,BB1 HOUSE 4,"color: rgb(0, 0, 0)"," background-color: rgb(255, 255, 102)"
EDM,BB2,BB2 EDM,"color: rgb(0, 0, 0)"," background-color: rgb(255, 153, 51)"
HOUSE,BB2,BB2 HOUSE 1,"color: rgb(0, 0, 0)"," background-color: rgb(255, 153, 51)"
HOUSE,BB2,BB2 HOUSE 2,"color: rgb(0, 0, 0)"," background-color: rgb(255, 153, 51)"
HOUSE,BB2,BB2 HOUSE 3,"color: rgb(0, 0, 0)"," background-color: rgb(255, 153, 51)"
HOUSE,BB2,BB2 HOUSE 4,"color: rgb(0, 0, 0)"," background-color: rgb(255, 153, 51)"
HOUSE,BB2,BB2 HOUSE 5,"color: rgb(0, 0, 0)"," background-color: rgb(255, 153, 51)"
HOUSE,BB2,BB2 HOUSE 6,"color: rgb(0, 0, 0)"," background-color: rgb(255, 153, 51)"
HOUSE,BB2,BB2 HOUSE 7,"color: rgb(0, 0, 0)"," background-color: rgb(255, 153, 51)"
HOUSE,BB3,BB3 HOUSE 1,"color: rgb(0, 0, 0)"," background-color: rgb(255, 51, 0)"
HOUSE,BB3,BB3 HOUSE 2,"color: rgb(0, 0, 0)"," background-color: rgb(255, 51, 0)"
HOUSE,BB3,BB3 HOUSE 3,"color: rgb(0, 0, 0)"," background-color: rgb(255, 51, 0)"
HOUSE,BB3,BB3 HOUSE 4,"color: rgb(0, 0, 0)"," background-color: rgb(255, 51, 0)"
HOUSE,BSW,BSW HOUSE 1,"color: rgb(255, 255, 255)"," background-color: rgb(204, 102, 255)"
HOUSE,BSW,BSW HOUSE 2,"color: rgb(255, 255, 255)"," background-color: rgb(204, 102, 255)"
HOUSE,BSW,BSW HOUSE 3,"color: rgb(255, 255, 255)"," background-color: rgb(204, 102, 255)"
HOUSE,BSWi,BSWi HOUSE 1,"color: rgb(255, 255, 102)"," background-color: rgb(153, 0, 153)"
HOUSE,BSWi,BSWi HOUSE 2,"color: rgb(255, 255, 102)"," background-color: rgb(153, 0, 153)"
HOUSE,BSWi,BSWi HOUSE 3,"color: rgb(255, 255, 102)"," background-color: rgb(153, 0, 153)"
HOUSE,BSL,BSL HOUSE 1,"color: rgb(255, 255, 255)"," background-color: rgb(0, 0, 204)"
HOUSE,BSL,BSL HOUSE 2,"color: rgb(255, 255, 255)"," background-color: rgb(0, 0, 204)"
HOUSE,BSB,BSB HOUSE 1,"color: rgb(0, 0, 0)"," background-color: rgb(0, 204, 255)"
HOUSE,BSBi,BSBi HOUSE 1,"color: rgb(255, 255, 102)"," background-color: rgb(51, 102, 153)"
HOUSE,BSBi,BSBi HOUSE 2,"color: rgb(255, 255, 102)"," background-color: rgb(51, 102, 153)"
JAZZ,BB2,BB2 JAZZ 1,"color: rgb(0, 0, 0)"," background-color: rgb(255, 153, 51)"
JAZZ,BSW,BSW JAZZ 1,"color: rgb(255, 255, 255)"," background-color: rgb(204, 102, 255)"
JAZZ,BSB,BSB JAZZ 1,"color: rgb(0, 0, 0)"," background-color: rgb(0, 204, 255)"
REGGAE,BB2,BB2 REGGAE 1,"color: rgb(0, 0, 0)"," background-color: rgb(255, 153, 51)"
REGGAE,BB2,BB2 REGGAE 2,"color: rgb(0, 0, 0)"," background-color: rgb(255, 153, 51)"
REGGAE,BB3,BB3 REGGAE 1,"color: rgb(0, 0, 0)"," background-color: rgb(255, 51, 0)"
REGGAE,BSW,BSW REGGAE 1,"color: rgb(255, 255, 255)"," background-color: rgb(204, 102, 255)"
REGGAE,BSB,BSB REGGAE 1,"color: rgb(0, 0, 0)"," background-color: rgb(0, 204, 255)"
ROCK,BB2,BB2 ROCK 1,"color: rgb(0, 0, 0)"," background-color: rgb(255, 153, 51)"
ROCK,BB2,BB2 ROCK 2,"color: rgb(0, 0, 0)"," background-color: rgb(255, 153, 51)"
ROCK,BB3,BB3 ROCK 1,"color: rgb(0, 0, 0)"," background-color: rgb(255, 51, 0)"
ROCK,BB3,BB3 ROCK 2,"color: rgb(0, 0, 0)"," background-color: rgb(255, 51, 0)"
ROCK,BSW,BSW ROCK 1,"color: rgb(255, 255, 255)"," background-color: rgb(204, 102, 255)"
ROCK,BSL,BSL ROCK 1,"color: rgb(255, 255, 255)"," background-color: rgb(0, 0, 204)"
ROCK,BSB,BSB ROCK 1,"color: rgb(0, 0, 0)"," background-color: rgb(0, 204, 255)"
METAL,BB2,BB2 METAL 1,"color: rgb(0, 0, 0)"," background-color: rgb(255, 153, 51)"
METAL,BB2,BB2 METAL 2,"color: rgb(0, 0, 0)"," background-color: rgb(255, 153, 51)"
METAL,BSWi,BSWi METAL 1,"color: rgb(255, 255, 102)"," background-color: rgb(153, 0, 153)"
SOUL,BB2,BB2 SOUL 1,"color: rgb(0, 0, 0)"," background-color: rgb(255, 153, 51)"
SOUL,BB2,BB2 SOUL 2,"color: rgb(0, 0, 0)"," background-color: rgb(255, 153, 51)"
SOUL,BB3,BB3 SOUL 1,"color: rgb(0, 0, 0)"," background-color: rgb(255, 51, 0)"
SOUL,BSW,BSW SOUL 1,"color: rgb(255, 255, 255)"," background-color: rgb(204, 102, 255)"
R&B,BB2,BB2 R&B 1,"color: rgb(0, 0, 0)"," background-color: rgb(255, 153, 51)"
R&B,BB2,BB2 R&B 2,"color: rgb(0, 0, 0)"," background-color: rgb(255, 153, 51)"
R&B,BSW,BSW R&B 1,"color: rgb(255, 255, 255)"," background-color: rgb(204, 102, 255)"
UNPLUGGED,BB2,BB2 UPGD 1,"color: rgb(0, 0, 0)"," background-color: rgb(255, 153, 51)"
UNPLUGGED,BB2,BB2 UPGD 2,"color: rgb(0, 0, 0)"," background-color: rgb(255, 153, 51)"
UNPLUGGED,BB2,BB2 UPGD 3,"color: rgb(0, 0, 0)"," background-color: rgb(255, 153, 51)"
UNPLUGGED,BB3,BB3 UPGD 1,"color: rgb(0, 0, 0)"," background-color: rgb(255, 51, 0)"
WORLD,BB3,BB3 WORLD 1,"color: rgb(0, 0, 0)"," background-color: rgb(255, 51, 0)"
ARTIST,BB1,BB1 DVGT,"color: rgb(0, 0, 0)"," background-color: rgb(255, 255, 102)"
ARTIST,BB1,BB1 QUEEN,"color: rgb(0, 0, 0)"," background-color: rgb(255, 255, 102)"
ARTIST,BB1,BB1 TSFT,"color: rgb(0, 0, 0)"," background-color: rgb(255, 255, 102)"
ARTIST,BB2,BB2 1D,"color: rgb(0, 0, 0)"," background-color: rgb(255, 153, 51)"
ARTIST,BB2,BB2 ADELE,"color: rgb(0, 0, 0)"," background-color: rgb(255, 153, 51)"
ARTIST,BB2,BB2 ARGD,"color: rgb(0, 0, 0)"," background-color: rgb(255, 153, 51)"
ARTIST,BB2,BB2 AVICII,"color: rgb(0, 0, 0)"," background-color: rgb(255, 153, 51)"
ARTIST,BB2,BB2 BEYONCE,"color: rgb(0, 0, 0)"," background-color: rgb(255, 153, 51)"
ARTIST,BB2,BB2 BMLY,"color: rgb(0, 0, 0)"," background-color: rgb(255, 153, 51)"
ARTIST,BB2,BB2 BNJV,"color: rgb(0, 0, 0)"," background-color: rgb(255, 153, 51)"
ARTIST,BB2,BB2 BRMS,"color: rgb(0, 0, 0)"," background-color: rgb(255, 153, 51)"
ARTIST,BB2,BB2 BRMS 2,"color: rgb(0, 0, 0)"," background-color: rgb(255, 153, 51)"
ARTIST,BB2,BB2 BTLS,"color: rgb(0, 0, 0)"," background-color: rgb(255, 153, 51)"
ARTIST,BB2,BB2 BTLS 2,"color: rgb(0, 0, 0)"," background-color: rgb(255, 153, 51)"
ARTIST,BB2,BB2 BTLS 3,"color: rgb(0, 0, 0)"," background-color: rgb(255, 153, 51)"
ARTIST,BB2,BB2 CDPY,"color: rgb(0, 0, 0)"," background-color: rgb(255, 153, 51)"
ARTIST,BB2,BB2 CDPY 2,"color: rgb(0, 0, 0)"," background-color: rgb(255, 153, 51)"
ARTIST,BB2,BB2 CHARLI,"color: rgb(0, 0, 0)"," background-color: rgb(255, 153, 51)"
ARTIST,BB2,BB2 CSBW,"color: rgb(0, 0, 0)"," background-color: rgb(255, 153, 51)"
ARTIST,BB2,BB2 CSBW 2,"color: rgb(0, 0, 0)"," background-color: rgb(255, 153, 51)"
ARTIST,BB2,BB2 CVHS,"color: rgb(0, 0, 0)"," background-color: rgb(255, 153, 51)"
ARTIST,BB2,BB2 DUA LIPA,"color: rgb(0, 0, 0)"," background-color: rgb(255, 153, 51)"
ARTIST,BB2,BB2 DUA LIPA 2,"color: rgb(0, 0, 0)"," background-color: rgb(255, 153, 51)"
ARTIST,BB2,BB2 DVGT,"color: rgb(0, 0, 0)"," background-color: rgb(255, 153, 51)"
ARTIST,BB2,BB2 EDSR,"color: rgb(0, 0, 0)"," background-color: rgb(255, 153, 51)"
ARTIST,BB2,BB2 EMINEM,"color: rgb(0, 0, 0)"," background-color: rgb(255, 153, 51)"
ARTIST,BB2,BB2 FLG,"color: rgb(0, 0, 0)"," background-color: rgb(255, 153, 51)"
ARTIST,BB2,BB2 FOB,"color: rgb(0, 0, 0)"," background-color: rgb(255, 153, 51)"
ARTIST,BB2,BB2 GRDY,"color: rgb(0, 0, 0)"," background-color: rgb(255, 153, 51)"
ARTIST,BB2,BB2 JONAS,"color: rgb(0, 0, 0)"," background-color: rgb(255, 153, 51)"
ARTIST,BB2,BB2 JUSTIN,"color: rgb(0, 0, 0)"," background-color: rgb(255, 153, 51)"
ARTIST,BB2,BB2 KYGO,"color: rgb(0, 0, 0)"," background-color: rgb(255, 153, 51)"
ARTIST,BB2,BB2 LDGG,"color: rgb(0, 0, 0)"," background-color: rgb(255, 153, 51)"
ARTIST,BB2,BB2 LDGG 2,"color: rgb(0, 0, 0)"," background-color: rgb(255, 153, 51)"
ARTIST,BB2,BB2 MDNA,"color: rgb(0, 0, 0)"," background-color: rgb(255, 153, 51)"
ARTIST,BB2,BB2 MJ,"color: rgb(0, 0, 0)"," background-color: rgb(255, 153, 51)"
ARTIST,BB2,BB2 MJ 2,"color: rgb(0, 0, 0)"," background-color: rgb(255, 153, 51)"
ARTIST,BB2,BB2 MJ 3,"color: rgb(0, 0, 0)"," background-color: rgb(255, 153, 51)"
ARTIST,BB2,BB2 MRN5,"color: rgb(0, 0, 0)"," background-color: rgb(255, 153, 51)"
ARTIST,BB2,BB2 MTGX,"color: rgb(0, 0, 0)"," background-color: rgb(255, 153, 51)"
ARTIST,BB2,BB2 NE-YO,"color: rgb(0, 0, 0)"," background-color: rgb(255, 153, 51)"
ARTIST,BB2,BB2 PINK,"color: rgb(0, 0, 0)"," background-color: rgb(255, 153, 51)"
ARTIST,BB2,BB2 PTX,"color: rgb(0, 0, 0)"," background-color: rgb(255, 153, 51)"
ARTIST,BB2,BB2 QUEEN,"color: rgb(0, 0, 0)"," background-color: rgb(255, 153, 51)"
ARTIST,BB2,BB2 RHCP,"color: rgb(0, 0, 0)"," background-color: rgb(255, 153, 51)"
ARTIST,BB2,BB2 RHNA,"color: rgb(0, 0, 0)"," background-color: rgb(255, 153, 51)"
ARTIST,BB2,BB2 SIGALA,"color: rgb(0, 0, 0)"," background-color: rgb(255, 153, 51)"
ARTIST,BB2,BB2 SMST,"color: rgb(0, 0, 0)"," background-color: rgb(255, 153, 51)"
ARTIST,BB2,BB2 USHER,"color: rgb(0, 0, 0)"," background-color: rgb(255, 153, 51)"
ARTIST,BB2,BB2 USHER 2,"color: rgb(0, 0, 0)"," background-color: rgb(255, 153, 51)"
ARTIST,BB2,BB2 ZEDD,"color: rgb(0, 0, 0)"," background-color: rgb(255, 153, 51)"
ARTIST,BB2,BB2 SKRILLEX,"color: rgb(0, 0, 0)"," background-color: rgb(255, 153, 51)"
ARTIST,BB3,BB3 IRMD,"color: rgb(0, 0, 0)"," background-color: rgb(255, 51, 0)"
ARTIST,BSW,BSW L&S,"color: rgb(255, 255, 255)"," background-color: rgb(204, 102, 255)"
ARTIST,BSWi,BSWi BMLY,"color: rgb(255, 255, 102)"," background-color: rgb(153, 0, 153)"
ARTIST,BSBi,BSBi BMLY,"color: rgb(255, 255, 102)"," background-color: rgb(51, 102, 153)"
COMPILATION,BB1,BB1 COMP 1,"color: rgb(0, 0, 0)"," background-color: rgb(255, 255, 102)"
COMPILATION,BB1,BB1 COMP 2,"color: rgb(0, 0, 0)"," background-color: rgb(255, 255, 102)"
COMPILATION,BB1,BB1 COMP 3,"color: rgb(0, 0, 0)"," background-color: rgb(255, 255, 102)"
COMPILATION,BB1,BB1 COMP 4,"color: rgb(0, 0, 0)"," background-color: rgb(255, 255, 102)"
COMPILATION,BB2,BB2 COMP 1,"color: rgb(0, 0, 0)"," background-color: rgb(255, 153, 51)"
COMPILATION,BB2,BB2 COMP 2,"color: rgb(0, 0, 0)"," background-color: rgb(255, 153, 51)"
COMPILATION,BB2,BB2 COMP 3,"color: rgb(0, 0, 0)"," background-color: rgb(255, 153, 51)"
COMPILATION,BB2,BB2 COMP 4,"color: rgb(0, 0, 0)"," background-color: rgb(255, 153, 51)"
COMPILATION,BB2,BB2 COMP 5,"color: rgb(0, 0, 0)"," background-color: rgb(255, 153, 51)"
COMPILATION,BB2,BB2 COMP 6,"color: rgb(0, 0, 0)"," background-color: rgb(255, 153, 51)"
COMPILATION,BB3,BB3 COMP 1,"color: rgb(0, 0, 0)"," background-color: rgb(255, 51, 0)"
COMPILATION,BSW,BSW COMP 1,"color: rgb(255, 255, 255)"," background-color: rgb(204, 102, 255)"
COMPILATION,BSW,BSW COMP 2,"color: rgb(255, 255, 255)"," background-color: rgb(204, 102, 255)"
COMPILATION,BSW,BSW COMP 3,"color: rgb(255, 255, 255)"," background-color: rgb(204, 102, 255)"
COMPILATION,BSL,BSL COMP 1,"color: rgb(255, 255, 255)"," background-color: rgb(0, 0, 204)"
COMPILATION,BSB,BSB COMP 1,"color: rgb(0, 0, 0)"," background-color: rgb(0, 204, 255)"
DEEP,BB2,BB2 DEEP 1,"color: rgb(0, 0, 0)"," background-color: rgb(255, 153, 51)"
DEEP,BB2,BB2 DEEP 2,"color: rgb(0, 0, 0)"," background-color: rgb(255, 153, 51)"
DEEP,BB2,BB2 DEEP 3,"color: rgb(0, 0, 0)"," background-color: rgb(255, 153, 51)"
DEEP,BB3,BB3 DEEP 1,"color: rgb(0, 0, 0)"," background-color: rgb(255, 51, 0)"
DEEP,BSL,BSL DEEP 1,"color: rgb(255, 255, 255)"," background-color: rgb(0, 0, 204)"
DEEP,BSL,BSL DEEP 2,"color: rgb(255, 255, 255)"," background-color: rgb(0, 0, 204)"
DEEP,BSL,BSL DEEP 3,"color: rgb(255, 255, 255)"," background-color: rgb(0, 0, 204)"
DEEP,BSL,BSL DEEP 4,"color: rgb(255, 255, 255)"," background-color: rgb(0, 0, 204)"
DEEP,BSB,BSB DEEP 1,"color: rgb(0, 0, 0)"," background-color: rgb(0, 204, 255)"
LUSTER,EVENT,L 25 BTM,"color: rgb(189, 71, 220)"," background-color: rgb(0, 18, 28)"
LUSTER,EVENT,L 25 FEEL,"color: rgb(51, 153, 255)"," background-color: rgb(0, 18, 28)"
LUSTER,EVENT,L 25 FREE,"color: rgb(255, 51, 51)"," background-color: rgb(0, 18, 28)"
LUSTER,EVENT,L 24 FEEL,"color: rgb(51, 153, 255)"," background-color: rgb(0, 18, 28)"
LUSTER,EVENT,L 24 FREE,"color: rgb(255, 51, 51)"," background-color: rgb(0, 18, 28)"
LUSTER,EVENT,L 24 FEEL 2,"color: rgb(51, 153, 255)"," background-color: rgb(0, 18, 28)"
LUSTER,EVENT,L 24 FREE 2,"color: rgb(255, 51, 51)"," background-color: rgb(0, 18, 28)"
EVENT,BB2,BB2 3Y-1,"color: rgb(0, 0, 0)"," background-color: rgb(255, 153, 51)"
EVENT,BB2,BB2 3Y-2,"color: rgb(0, 0, 0)"," background-color: rgb(255, 153, 51)"
EVENT,BB2,BB2 2016,"color: rgb(0, 0, 0)"," background-color: rgb(255, 153, 51)"
EVENT,BB2,BB2 2017,"color: rgb(0, 0, 0)"," background-color: rgb(255, 153, 51)"
EVENT,BB2,BB2 2018,"color: rgb(0, 0, 0)"," background-color: rgb(255, 153, 51)"
EVENT,BB2,BB2 2019,"color: rgb(0, 0, 0)"," background-color: rgb(255, 153, 51)"
EVENT,EVENT,8th SP,"color: rgb(255, 255, 255)"," background-color: rgb(0, 0, 0)"
EVENT,EVENT,9th SP1,"color: rgb(255, 255, 255)"," background-color: rgb(0, 0, 0)"
EVENT,EVENT,9th SP2,"color: rgb(255, 255, 255)"," background-color: rgb(0, 0, 0)"
EVENT,EVENT,10th SP,"color: rgb(255, 255, 255)"," background-color: rgb(0, 0, 0)"
EVENT,EVENT,BEERCYCLE,"color: rgb(255, 255, 255)"," background-color: rgb(122, 50, 2)"
EVENT,EVENT,FEEL DEEP,"color: rgb(255, 255, 255)"," background-color: rgb(0, 0, 0)"
EVENT,EVENT,FEEL HIGH,"color: rgb(255, 255, 255)"," background-color: rgb(0, 0, 0)"
GENERATION,BB1,BB1 90'S,"color: rgb(0, 0, 0)"," background-color: rgb(255, 255, 102)"
GENERATION,BB1,BB1 10'S,"color: rgb(0, 0, 0)"," background-color: rgb(255, 255, 102)"
GENERATION,BB1,BB1 10'S 2,"color: rgb(0, 0, 0)"," background-color: rgb(255, 255, 102)"
GENERATION,BB2,BB2 90'S,"color: rgb(0, 0, 0)"," background-color: rgb(255, 153, 51)"
GENERATION,BB2,BB2 90'S 2,"color: rgb(0, 0, 0)"," background-color: rgb(255, 153, 51)"
GENERATION,BB2,BB2 MLN 1,"color: rgb(0, 0, 0)"," background-color: rgb(255, 153, 51)"
GENERATION,BB2,BB2 MLN 2,"color: rgb(0, 0, 0)"," background-color: rgb(255, 153, 51)"
GENERATION,BB2,BB2 MLN 3,"color: rgb(0, 0, 0)"," background-color: rgb(255, 153, 51)"
GENERATION,BB2,BB2 10'S,"color: rgb(0, 0, 0)"," background-color: rgb(255, 153, 51)"
GENERATION,BB2,BB2 10'S 2,"color: rgb(0, 0, 0)"," background-color: rgb(255, 153, 51)"
GENERATION,BB2,BB2 10'S 3,"color: rgb(0, 0, 0)"," background-color: rgb(255, 153, 51)"
GENERATION,BB2,BB2 10'S 4,"color: rgb(0, 0, 0)"," background-color: rgb(255, 153, 51)"
GENERATION,BSW,BSW 10'S 1,"color: rgb(255, 255, 255)"," background-color: rgb(204, 102, 255)"
GENERATION,BSB,BSB 10'S 1,"color: rgb(0, 0, 0)"," background-color: rgb(0, 204, 255)"
MOVIE,BB2,BB2 BRJ,"color: rgb(0, 0, 0)"," background-color: rgb(255, 153, 51)"
MOVIE,BB2,BB2 MOVIE 1,"color: rgb(0, 0, 0)"," background-color: rgb(255, 153, 51)"
MOVIE,BB2,BB2 MOVIE 2,"color: rgb(0, 0, 0)"," background-color: rgb(255, 153, 51)"
SEASON,BB2,BB2 SUMMER 1,"color: rgb(0, 0, 0)"," background-color: rgb(255, 153, 51)"
SEASON,BB2,BB2 SUMMER 2,"color: rgb(0, 0, 0)"," background-color: rgb(255, 153, 51)"
SEASON,BB2,BB2 X'MAS 1,"color: rgb(0, 0, 0)"," background-color: rgb(255, 153, 51)"
SEASON,BB2,BB2 X'MAS 2,"color: rgb(0, 0, 0)"," background-color: rgb(255, 153, 51)"
SEASON,BB2,BB2 X'MAS 3,"color: rgb(0, 0, 0)"," background-color: rgb(255, 153, 51)"
SEASON,BB2,BB2 X'MAS 4,"color: rgb(0, 0, 0)"," background-color: rgb(255, 153, 51)"
NOW,BB2,BB2 NOW 2,"color: rgb(0, 0, 0)"," background-color: rgb(255, 153, 51)"
ARTIST,SKRILLEX ,SKRILLEX,"color: rgb(0, 0, 0)"," background-color: rgb(255, 255, 255)"
NOW,BB1,BB1 NOW 1,"color: rgb(0, 0, 0)"," background-color: rgb(255, 255, 102)"
NOW,BB2,BB2 NOW 1,"color: rgb(0, 0, 0)"," background-color: rgb(255, 153, 51)"
ARTIST,BB2,BB2 QOP,"color: rgb(0, 0, 0)"," background-color: rgb(255, 153, 51)"